{
  "Full model (Ours)": {
    "Point Level AUROC": [
      0.7452353285275627,
      0.7813798489765587,
      0.7833085816288955,
      0.7535881593659632,
      0.7840812437373178,
      0.7609892498419275,
      0.7856181704224835,
      0.7494013047281104,
      0.7686253144760351,
      0.754436908955517,
      0.7686238798633053,
      0.7804767231829212,
      0.7262825665519401,
      0.7410158024104135,
      0.7733323669062075,
      0.749976759489058,
      0.7452754811537786,
      0.7380352943305503,
      0.7333459736664995,
      0.7552739467400494,
      0.7068153074830038,
      0.7454447766433835
    ],
    "Point Level AUPR": [
      0.20451536838150772,
      0.18566205571424665,
      0.19826194425509636,
      0.22817888507637085,
      0.17297446237288755,
      0.21858040571891424,
      0.1748589712472446,
      0.22210152675622363,
      0.2144759052690735,
      0.190585659541525,
      0.19522435465908436,
      0.19460146272122486,
      0.18988010758221693,
      0.21186704589728564,
      0.21092882699607504,
      0.19939110457826784,
      0.21512312961593005,
      0.23176155161094514,
      0.21656155369179136,
      0.2013208243898932,
      0.23032238174339192,
      0.21274795433993438
    ],
    "Object Level AUROC": [
      0.8002736721837923,
      0.7993706762548364,
      0.7610622100298278,
      0.7630833930449425,
      0.7771285950373602,
      0.7845575488620785,
      0.7997900957975271,
      0.8155988502636623,
      0.8203154258879349,
      0.7976366076820596,
      0.7788578775845759,
      0.7926671981824437,
      0.7821280933860488,
      0.7696158530500946,
      0.7648141348281274,
      0.7409560644998809,
      0.7932139994110992,
      0.7870266802409227,
      0.7534657812129932,
      0.8054587631368004,
      0.8059265982507876,
      0.8151599909341988
    ],
    "Object Level AUPR": [
      0.7784965488262131,
      0.7986893033621908,
      0.8050025257923514,
      0.8003727549417363,
      0.7558588606897017,
      0.7881695502937021,
      0.8077835170746759,
      0.8518556579404426,
      0.75864092098729,
      0.7836890056839484,
      0.8052417160767903,
      0.8143165913002378,
      0.7722141503023494,
      0.7779101357743334,
      0.7844019046106046,
      0.7803279772052021,
      0.78352752595911,
      0.7774990981051568,
      0.7903679255030928,
      0.7975682917752198,
      0.7818784002310748,
      0.7685098112606394
    ]
  },
  "\u2013 SCA": {
    "Point Level AUROC": [
      0.6799097509999323,
      0.6095110532456681,
      0.6947033778178078,
      0.6657394970552741,
      0.7455534919933489,
      0.6501617630457456,
      0.646507759595985,
      0.6271060878406279,
      0.6687024403102205,
      0.6402442880533941,
      0.6409825136600057,
      0.7068964911222924,
      0.675674051074077,
      0.6075846559904148,
      0.5799775659259327,
      0.6084298549977157,
      0.6248946341678311,
      0.6834943424667124,
      0.6662870053806924,
      0.6465714827091135,
      0.6933751939121675,
      0.6980130254853206
    ],
    "Point Level AUPR": [
      0.044866777691088516,
      0.045733210394596185,
      0.09236623499079996,
      0.03149305582027043,
      0.052268217069180306,
      0.02704053853614842,
      0.09111712562603991,
      0.055488755377151734,
      0.04195250130344723,
      0.05301885357969974,
      0.09026025877896829,
      0.08800668584638069,
      0.07835062678673528,
      0.10630856653695397,
      0.0584539803403453,
      0.09359793806012613,
      0.13125895011337443,
      0.08273623044505701,
      0.051066991899739525,
      0.08741425765899313,
      0.04505677829066862,
      0.10314474749339536
    ],
    "Object Level AUROC": [
      0.6296291156510279,
      0.5686546345086237,
      0.6720906946711046,
      0.6579777453096667,
      0.5401721276792522,
      0.6884257661418228,
      0.7035810992400348,
      0.7859924821428124,
      0.6193744820741548,
      0.6577926957350497,
      0.5669942903749591,
      0.7227753880580389,
      0.7242991744594801,
      0.6830185137007906,
      0.6467563821825653,
      0.6015369336132986,
      0.5826024165159188,
      0.7686111445030399,
      0.7116649745264925,
      0.7156915104468411,
      0.7862771330045994,
      0.6098861938697429
    ],
    "Object Level AUPR": [
      0.6331740605425444,
      0.64175784409532,
      0.5949610235255409,
      0.6219697673704685,
      0.6899488031657736,
      0.5573411139935591,
      0.680132124379777,
      0.7241544378402787,
      0.5672390699079969,
      0.5954085322047444,
      0.5621506504687537,
      0.6393063377166743,
      0.6359924282574452,
      0.7498201807177707,
      0.5954699208126543,
      0.6304700581093589,
      0.6559347125379451,
      0.680844068303048,
      0.6114634439701472,
      0.722515467672117,
      0.6529603979207819,
      0.6208643150805773
    ]
  },
  "\u2013 FA": {
    "Point Level AUROC": [
      0.7041385047431915,
      0.6318060576857791,
      0.6413424487341495,
      0.677000816816226,
      0.6032416393162666,
      0.6697748679465646,
      0.7113986760926554,
      0.6300097796099673,
      0.6979719117202643,
      0.5788679374532751,
      0.7123230195797599,
      0.659567600498512,
      0.5553680827038794,
      0.6655440903435071,
      0.7020568213101376,
      0.7874980222963366,
      0.7100301618181093,
      0.720457111446253,
      0.6737404479201855,
      0.6727350874253016,
      0.6110238258995061,
      0.6231083080268358
    ],
    "Point Level AUPR": [
      0.11970097100911843,
      0.11390515856515619,
      0.17558198454206603,
      0.1428805114225437,
      0.18598203241649297,
      0.08955508316704239,
      0.15302569220100076,
      0.16070863763927196,
      0.1647326600267786,
      0.12201895103998833,
      0.16685351389173317,
      0.11471970234081749,
      0.14974976586850947,
      0.1345540392585773,
      0.15639965737111294,
      0.10280816612009769,
      0.052480747169406206,
      0.09935144250280922,
      0.1277232335105143,
      0.015449428117250988,
      0.1374849664167481,
      0.1402990462221433
    ],
    "Object Level AUROC": [
      0.7519776013510058,
      0.7774111948073483,
      0.6957935972885185,
      0.6446291959882433,
      0.6519901678392318,
      0.6905623377686274,
      0.6708281241176716,
      0.5281257480614918,
      0.7625982261781691,
      0.7287542404592795,
      0.7632333956010267,
      0.6884954641535855,
      0.686170086935878,
      0.7059729908518005,
      0.6718918244191321,
      0.7380019332744077,
      0.7477251796854751,
      0.6992339629562281,
      0.8074751660471671,
      0.7378378856353915,
      0.7223440984403153,
      0.725441261145845
    ],
    "Object Level AUPR": [
      0.7886355568116327,
      0.6681089843588789,
      0.6524832330165696,
      0.7715270484862133,
      0.5844323226956137,
      0.690002438545824,
      0.6876564962607016,
      0.6861288161373348,
      0.6580433950183345,
      0.7961028177729536,
      0.7194853293937185,
      0.6653605426459206,
      0.7256405049224378,
      0.7004881816513263,
      0.6802148849853481,
      0.6461983974658739,
      0.7995357572044379,
      0.7238462022602536,
      0.6389503255743709,
      0.6450412703277396,
      0.6366713728855643,
      0.645935882983998
    ]
  },