{
  "Full model (Ours)": {
    "Point Level AUROC": [
      0.7297721889896942,
      0.7545631994737985,
      0.7722735734394883,
      0.7579472137034204,
      0.7424473681478644,
      0.7722337390763221,
      0.7484770116312611,
      0.7816327512693775,
      0.769502138019263,
      0.7691324975935256,
      0.7785983903454756,
      0.7557470804444012,
      0.748385503951708,
      0.761996109206386,
      0.7288030443185053,
      0.7843274596390791,
      0.7306966083719659,
      0.792154469729137,
      0.783579085434605,
      0.7794024340803872,
      0.7603656018406341,
      0.745283601809272
    ],
    "Point Level AUPR": [
      0.2049723798636929,
      0.21246110552177738,
      0.1898048316334693,
      0.21836631769024328,
      0.16777979090088685,
      0.21037047518540292,
      0.24075336585096355,
      0.20518127422607743,
      0.208497848038818,
      0.21272082546131624,
      0.19486460278527418,
      0.2393539063225666,
      0.19522127638100614,
      0.20347641158270333,
      0.20514257359471696,
      0.19053244425828722,
      0.23860575499486852,
      0.1961691445829533,
      0.1965131636140665,
      0.1886084411467129,
      0.23796980766424355,
      0.19521427945002287
    ],
    "Object Level AUROC": [
      0.7706129189205158,
      0.7948573890751719,
      0.8119022283720276,
      0.7632624912308726,
      0.7779455804196749,
      0.7831823670931359,
      0.8125641396561207,
      0.7898078061484929,
      0.8191227637814331,
      0.7954652330547586,
      0.8119227194566133,
      0.8124584360314278,
      0.7904580726008487,
      0.8273783322196013,
      0.7533513293223547,
      0.7866649412227092,
      0.8023048545111583,
      0.7943925027910671,
      0.8370156876011744,
      0.7525577635003846,
      0.7919711551920555,
      0.8199592164538367
    ],
    "Object Level AUPR": [
      0.7647367567118936,
      0.7830401315278236,
      0.8468238774377763,
      0.8096792476225023,
      0.8306756026627038,
      0.7877576958857345,
      0.7788838124079789,
      0.8058594716965617,
      0.776593296778945,
      0.793770117172135,
      0.7899136637024459,
      0.7855397205157432,
      0.7753924338314715,
      0.8064173760871813,
      0.8081791440504213,
      0.8098510424370521,
      0.798217443890033,
      0.798384127053749,
      0.8168737246488029,
      0.7472558530121193,
      0.800127352716951,
      0.7625777969735635
    ]
  },
  "\u2013 SCA": {
    "Point Level AUROC": [
      0.7522356611762393,
      0.7960337222491615,
      0.6868053367878991,
      0.6204455789170947,
      0.7093854443838972,
      0.6421860035858279,
      0.6575873613510649,
      0.746628511036035,
      0.605278342977962,
      0.6772328542992448,
      0.6373784756137968,
      0.6501004705700549,
      0.6740648996889556,
      0.7224755554998603,
      0.5852173931279059,
      0.6398056595752287,
      0.6043309680978255,
      0.6619934105839009,
      0.6399209555268628,
      0.7118087882608929,
      0.7422160312798093,
      0.6714828161041408
    ],
    "Point Level AUPR": [
      0.048368568959709375,
      0.069473137418013,
      0.08278847027870247,
      0.01620775891955705,
      0.06723924648069503,
      0.053684046472450495,
      0.07750084491911344,
      0.030239630479001946,
      0.11517017027089516,
      0.08111221767801438,
      0.0830410650746354,
      0.06255416831234173,
      0.0862743644480862,
      0.09905300325740869,
      0.11335767818132403,
      0.050201793982621326,
      0.09844796381161243,
      0.06875585533187467,
      0.07710839473375791,
      0.12330971484678571,
      0.016376754238193167,
      0.11723326234387937
    ],
    "Object Level AUROC": [
      0.6667090887270454,
      0.7439685192932138,
      0.6347220926319499,
      0.7117019915886692,
      0.6056788879396129,
      0.7014943983026377,
      0.7016604803532294,
      0.6059470466090653,
      0.7562490297748297,
      0.7120877636225962,
      0.6247694743264843,
      0.6204422168859384,
      0.6696833771340543,
      0.7338427135391838,
      0.7368036551700622,
      0.6583227753850673,
      0.7170701847716405,
      0.6433118550703345,
      0.6405891508020065,
      0.7337142015241487,
      0.7359538693280302,
      0.5882347136670693
    ],
    "Object Level AUPR": [
      0.65171945915408,
      0.702700614924634,
      0.6181991073547102,
      0.6804350378124092,
      0.666983132218659,
      0.6812948342873062,
      0.6731215432589889,
      0.7207813693538759,
      0.5593197112735829,
      0.7171365984988293,
      0.6801652744074321,
      0.6979005261630695,
      0.6672906720217355,
      0.690113446952456,
      0.5689119008859401,
      0.6353610263579976,
      0.536694887220597,
      0.5979791357508599,
      0.6207184141058593,
      0.6311948816355547,
      0.7015345490468097,
      0.6824971673605911
    ]
  },
  "\u2013 FA": {
    "Point Level AUROC": [
      0.7672915368722316,
      0.6633030510763391,
      0.7250847641954383,
      0.6089287317514813,
      0.6758835481933305,
      0.6590789931765461,
      0.7327927320076711,
      0.6710933939766652,
      0.7439311647844647,
      0.651101841775271,
      0.7119879278950032,
      0.6809460215148324,
      0.5853736906401334,
      0.6776917254374841,
      0.5677113676064218,
      0.6763851568469247,
      0.6979717870735959,
      0.5880942210259363,
      0.6813978174920279,
      0.6989114239280443,
      0.7796190618026353,
      0.7054774514007076
    ],
    "Point Level AUPR": [
      0.0988180792935135,
      0.1400263591167029,
      0.1304196324750194,
      0.14370928161440225,
      0.12939102413640605,
      0.14637930669039498,
      0.13297587032769806,
      0.19846112769894886,
      0.19295597068929526,
      0.1232505183669156,
      0.1665558523429391,
      0.23710949644153206,
      0.1340291637361295,
      0.13517547357256934,
      0.17068587002972974,
      0.14550914038090906,
      0.19819233367172684,
      0.15853097427176785,
      0.17337251143362561,
      0.18771147640798952,
      0.11631904495640547,
      0.13382260978747226
    ],
    "Object Level AUROC": [
      0.7677898676132888,
      0.6635457938114913,
      0.6401510480153054,
      0.7382405883617547,
      0.7742231799044466,
      0.690787612226831,
      0.7206438891595058,
      0.7200600600839129,
      0.7413699489074413,
      0.5872176207916898,
      0.6573023606182552,
      0.6480498279899546,
      0.7704216933796261,
      0.6172356519246104,
      0.6163193391101232,
      0.7851185909535863,
      0.609527914754264,
      0.7329648573049838,
      0.5765014811403771,
      0.6822066860235227,
      0.7529212230420954,
      0.6455096256009215
    ],
    "Object Level AUPR": [
      0.7725460921919008,
      0.7702149263613245,
      0.7023670275426273,
      0.7193942957826757,
      0.5941105935729463,
      0.8133900494871242,
      0.7312397803022624,
      0.7261874520524513,
      0.7545111618424476,
      0.6391283613552,
      0.7373988294430676,
      0.7531909173459207,
      0.6351753238935214,
      0.7508903909235932,
      0.6791009026078727,
      0.6461752214243086,
      0.7867863203854706,
      0.6920630354843865,
      0.6778230690701821,
      0.6736275907868061,
      0.6956128330117756,
      0.7060752760270128
    ]
  },
  "No pretraining": {
    "Point Level AUROC": [
      0.5762490771522915,
      0.6240486757206223,
      0.6163273410291528,
      0.4737586300760197,
      0.4812078134218871,
      0.45411116835030213,
      0.43206130180243296,
      0.4963720235165369,
      0.6596665588603976,
      0.5581524521303097,
      0.5867855965817709,
      0.4875877270992596,
      0.446188450177813,
      0.5892382361070182,
      0.5729195702578259,
      0.6943735507457148,
      0.5672361849292845,
      0.49872735447657685,
      0.5759969822648955,
      0.5370877350764207,
      0.49407007473187364,
      0.5253720215475989
    ],